id,premultiplier,preoffset,multiplier,offset
ai0,1,-0.024780644,1.25,0
ai1,1,-0.024960358,1.25,0
ai2,1,-0.068046865,1.25,0
ai3,1,-0.022794628,1.25,0
ai4,1,-0.024298522,1.25,0
ai5,1,-0.033858482,1.25,0
ai6,1,-0.042690422,1.25,0
ai7,1,-0.023685052,1.25,0
ai8,1,-0.022548731,1.25,0
ai9,1,-0.164202876,0.02,-0.001
ai10,1,-0.209948918,0.02,-0.001
ai11,2,-10.0572,0.0040146,0
ai12,1,-0.15691658,0.02,-0.001
ai13,1,-0.004277969,0.02,-0.001
